K,Precision,Recall,NDCG,Avg_Similarity
3,0.8,0.8,0.7962693004298174,0.43572429617246
5,0.8399999999999999,0.8399999999999999,0.8840035264466231,0.4317191404104233
10,0.85,0.85,0.8707679174680276,0.42622086554765704
